phraseId,dir,repeat,category,traps,zh,inputTranscript,outputTranscript,inputDurationMs,outputAudioMs,ttfa_from_end_ms,ttft_from_end_ms,completion_lag_ms,ttfa_from_start_ms,number_ok,negation_ok,coverage_ratio,cer,adequacy,fluency,judge_flags,judge_reason,turnCompleted
"T001","en","1","directions","","請問車站在哪裡?怎麼走比較快?","请问车站在哪里？怎么走比较快？","Can you tell me where the station is, and the quickest way?","3211","4800","-1636","-2070","473","1764","true","true","0.868","0","5","5","","The machine translation is excellent. It accurately conveys the meaning of the source text in a natural and polite manner, matching the reference translation's intent perfectly.","true"
"T001","ja","1","directions","","請問車站在哪裡?怎麼走比較快?","请问车站在哪里？怎么走比较快？","駅はどこですか、どう行けば早いですか。","3211","4800","-728","-1613","519","2672","true","true","0.68","0","5","5","","譯文完整且準確地傳達了原文的意思，日語表達非常自然流暢。雖然省略了「請問」的對應敬語（如すみません），但整體語氣依然禮貌，不影響語意表達。","true"
"T002","en","1","directions","code-switch|proper-noun","請問 Shibuya Sky 的入口是在這棟樓嗎?","请问徐布亚斯盖的入口是在这栋","Please ask, Xu Bu Ya's entrance is in this building?","3811","6000","-1025","-1660","663","2975","true","true","0.851","0.619","2","2","name_mangled|omission","專有名詞 'Shibuya Sky' 被錯誤音譯為 'Xu Bu Ya's' 且漏掉了 'Sky'，屬於嚴重的專有名詞翻譯錯誤 (name_mangled, omission)。此外，'請問' 被直譯為 'Please ask'，且整句語序不夠自然，影響流暢度。","true"
"T002","ja","1","directions","code-switch|proper-noun","請問 Shibuya Sky 的入口是在這棟樓嗎?","请问徐布亚斯盖的入口是在这栋楼","失礼、徐不娓のスカイの入口はこのビルの中ですか?","3811","7600","-317","-947","978","3682","true","true","1.048","0.571","3","4","name_mangled","地名「Shibuya（渋谷）」被錯誤翻譯為「徐不娓」，導致專有名詞嚴重毀損（name_mangled）。其餘句型結構與文法皆正確且自然。","true"
"T003","en","1","directions","negation","我不是要去機場,我是要去火車站。","我不是要去机场，我是要去火","Hi, I'm not going to the airport, I'm going to the train station.","2931","4400","-1699","-2337","647","1401","true","true","1.043","0.143","5","5","hallucination","譯文非常準確且流暢，完整傳達了原文的意思。唯一的缺點是開頭多翻譯了原文沒有的「Hi,」（幻覺）。","true"
"T003","ja","1","directions","negation","我不是要去機場,我是要去火車站。","我不是要去机场，我是要去火车站。","競技場に行くんじゃない、駅に行くんだ。","2931","4000","-877","-1537","923","2223","true","true","0.68","0","3","5","name_mangled","「機場」（空港）被誤譯為「競技場」，導致前半句語意不符；後半句「火車站」譯為「駅」且句型表達正確。譯文文法流暢自然，但因關鍵詞譯錯影響忠實度。","true"
"T004","en","1","directions","number|sentence-final","從這裡走過去大概要幾分鐘?超過十五分鐘的話我想搭計程車。","从这里走过去大概要几分钟？超过十五分钟的话我想搭计程","About how many minutes does it take to walk from here? If it's more than fifteen minutes, I think I'll take a taxi.","5971","7600","-2736","-3123","695","3364","true","true","1.011","0.038","5","5","","The translation is highly accurate and natural, conveying the exact meaning of the source text. 'I think I'll take a taxi' is a very natural way to express '我想搭計程車' in this context.","true"
"T004","ja","1","directions","number|sentence-final","從這裡走過去大概要幾分鐘?超過十五分鐘的話我想搭計程車。","从这里走过去大概要几分钟？超过十五分钟的话我想搭计程","ここから出て、だいたい何分か、十五分を超えるなら、タクシーに乗ろうと思います。","5971","8800","-3926","-4557","884","2175","true","true","0.897","0.038","3","3","omission","「走過去」被誤譯為「出て」（出去），漏譯了「走路」的語意。此外，前半句「だいたい何分か」結構破碎，不夠完整，但後半句「十五分を超えるなら、タクシーに乗ろうと思います」語意表達正確且流暢。","true"
"T005","en","1","directions","proper-noun","請問淺草寺跟晴空塔是同一個方向嗎?","请问前草寺跟晴空塔是同一个方向","Please, Mr. Qian, the minister of finance, and the Cloud-Break Pagoda, are they in the same direction?","4331","7200","-2645","-3525","966","1855","true","true","1.436","0.125","2","4","name_mangled|hallucination","「淺草寺」被嚴重誤譯並幻覺為「Mr. Qian, the minister of finance」，「晴空塔」也被誤譯為「Cloud-Break Pagoda」。雖然英文句法通順，但關鍵地名完全錯誤，導致無法正確傳達語意。","true"
"T005","ja","1","directions","proper-noun","請問淺草寺跟晴空塔是同一個方向嗎?","请问前草寺跟晴空塔是同一个方向","前草寺と秦空塔は同じ方向ですか?","4331","7600","166","-717","1047","4665","true","true","0.652","0.125","3","4","name_mangled|omission","譯文漏譯了開頭的「請問」（すみません）。此外，地標專有名詞出現漢字錯誤：「淺草寺」被誤譯為「前草寺」，「晴空塔」被誤譯為「秦空塔」，這會影響日語母語者的理解。不過，後半句的文法結構「同じ方向ですか？」是正確且自然的。","true"
"T006","en","1","directions","","這附近有沒有廁所?我趕時間。","这附近有没有厕所？我赶时间。","This place nearbyhas a bathroom, I'm in a rush.","2731","4800","-1141","-2038","596","1758","true","true","1.059","0","3","3","","The machine translation incorrectly turns a question ('Is there a restroom nearby?') into an assertion ('This place nearby has a bathroom'). Additionally, there is a spacing error ('nearbyhas') which impacts fluency.","true"
"T006","ja","1","directions","","這附近有沒有廁所?我趕時間。","这附近有没有厕所？我赶","このあたりにトイレはありますか?急いでいます。","2731","4800","-728","-1154","655","2172","true","true","0.955","0.167","5","5","","譯文非常準確且自然，完整傳達了原文的意思，語氣也十分得體。","true"
"T007","en","1","transport","number","我要兩張到京都的車票,大人一張、小孩一張。","我要两张到京都的车票。大人一张，小孩","I want two tickets to Kyoto, one adult ticket and one child ticket.","5051","7200","-2634","-3263","617","2566","true","true","1.262","0.111","5","5","","The translation is highly accurate and natural, fully conveying the meaning of the source text without any errors.","true"
"T007","ja","1","transport","number","我要兩張到京都的車票,大人一張、小孩一張。","我要两张到京都的车票。大人一张，小孩","ダンジョン行きの切符を二枚ください。大人一枚、子ども一枚。","5051","8400","-2563","-3023","888","2637","true","true","1.04","0.111","3","5","name_mangled|hallucination","「京都」被誤譯為「ダンジョン」（地下城/Dungeon），屬於嚴重的專有名詞翻譯錯誤（Name mangling / Hallucination）。其餘關於張數、大人與小孩的翻譯皆正確且語句流暢。","true"
"T008","en","1","transport","negation|sentence-final","這班車會到大阪,但是應該不會停京都吧?","这班车会到大阪,但是应该不会停京都吧？","Right nowthis bus will go to Daban, but it probably won't stop in Kyoto, right?","3851","6000","-2642","-3261","617","1358","true","true","1.298","0","4","4","name_mangled|hallucination","The translation of '大阪' (Osaka) was transliterated as 'Daban' (name_mangled). There is also a minor hallucination/transcription error at the beginning ('Right nowthis' instead of 'This'). Otherwise, the core meaning is well conveyed.","true"
"T008","ja","1","transport","negation|sentence-final","這班車會到大阪,但是應該不會停京都吧?","这班车会到大阪,但是应该不会停京都吧。","この電車は大坂まで行きますでも、たぶん京都には止まりませんよね","3851","8000","-188","-804","1197","3812","true","true","1.154","0","5","4","","譯文完整傳達了原文的意思。語音轉寫中「大阪」錯寫為「大坂」，且「行きますでも、」在日語接續上較不自然，應使用「行きますが、」或拆分為兩句「行きます。でも、」，但整體不影響理解。","true"
"T009","en","1","transport","","請問這個位子有人坐嗎?","请问这个位置有人坐","Excuse me, is this seat occupied?","2491","4000","-436","-1068","481","2164","true","true","1.13","0.2","5","5","","The machine translation is highly accurate and natural. 'Is this seat occupied?' is a perfectly correct and common way to translate the source sentence, carrying the exact same meaning as the reference translation.","true"
"T009","ja","1","transport","","請問這個位子有人坐嗎?","请问这个位置有人坐","たとえば、この席、空いてますか?","2491","3600","-1228","-1667","428","1372","true","true","0.684","0.2","3","4","hallucination","「請問」被誤譯為「たとえば」（例如），與原文意思不符。後半句「這個位子有人坐嗎？」翻譯為「この席、空いてますか？」（這個位子空著嗎？），意思基本相符且表達自然。","true"
"T010","en","1","transport","number","最後一班回新宿的電車是十一點四十五分嗎?","最后一班回新柱的电车是十一点四十五","The last tram on the Circular lineis at 11:45, right?","4611","6800","-2172","-2819","780","2626","true","true","0.911","0.158","2","3","name_mangled|omission|hallucination","The machine translation completely missed the destination 'Shinjuku' (新宿) and instead hallucinated 'on the Circular line'. There is also a spacing typo in the English output ('lineis' instead of 'line is').","true"
"T010","ja","1","transport","number","最後一班回新宿的電車是十一點四十五分嗎?","最后一班回新筑的电车是十一点四十五","最後の一回分のスターアライドの電車は、11時45分。","4611","6400","-2613","-3065","533","2186","true","true","1.263","0.158","2","2","name_mangled|omission|hallucination","機器譯文出現嚴重的幻覺與漏譯。「回新宿」被嚴重幻覺為「スターアライド」，導致地名「新宿」漏譯；「最後一班」被誤譯為「最後の一回分」。整句語意嚴重偏差，且缺乏問句語氣。","true"
"T011","en","1","transport","code-switch|number","我想幫 IC 卡儲值一千日圓。","我想帮埃希卡储值一千","Even with a knife, if you top up an IC card with 1,000 yen,","3451","5600","-2228","-2871","622","1373","true","true","1.103","0.333","2","2","hallucination","The machine translation contains a severe hallucination (""Even with a knife"") and alters the structure of the sentence into an incomplete conditional clause (""if you top up...""), which fails to convey the original intent (""I want to..."").","true"
"T011","ja","1","transport","code-switch|number","我想幫 IC 卡儲值一千日圓。","我想帮埃西卡储值一千日","AICカードに1000円をチャージしたいです。","3451","5200","-934","-1860","694","2666","true","true","1","0.25","4","5","name_mangled","機器譯文將「IC卡」誤譯為「AICカード」（多了A），屬於專有名詞/名稱錯誤（name_mangled），其餘語意與文法皆正確且流暢。","true"
"T012","en","1","transport","honorific|proper-noun","不好意思,可以幫我看一下這班車是不是往橫濱的嗎?","不好意思,可以帮我看一下这班车是不是往横滨","Sorry, could you take a look and see if this bus goes to Hengping?","4171","5200","-1589","-2534","470","2712","true","true","0.836","0.091","3","5","name_mangled","The machine translation incorrectly translates the destination '橫濱' (Yokohama) as 'Hengping' (name_mangled), which is a critical error for navigation. Additionally, '這班車' is translated as 'this bus' instead of 'this train', though '車' can be ambiguous without context. The fluency of the English sentence is otherwise natural and grammatically correct.","true"
"T012","ja","1","transport","honorific|proper-noun","不好意思,可以幫我看一下這班車是不是往橫濱的嗎?","不好意思,可以帮我看一下这班车是不是往横滨","すみません、この電車が横浜方面行きか見ていただけますか?","4171","7600","-162","-840","857","4138","true","true","0.839","0.091","5","5","","譯文非常準確且自然，完整傳達了原文的意思，日語表達也十分得體流暢。","true"
"T013","en","1","transport","sentence-final","我剛剛在月台上把手機弄丟了。","我刚刚在月台上把手机弄","Good morning, everyone. I just lost my phone on the stage.","2771","5200","-1471","-2127","832","1430","true","true","1.552","0.308","3","5","hallucination","譯文多出了「Good morning, everyone.」的幻覺，且將「月台 (platform)」誤譯為「stage (舞台)」，影響語意忠實度。但英文句子本身文法正確且流暢。","true"
"T013","ja","1","transport","sentence-final","我剛剛在月台上把手機弄丟了。","我刚刚在月台上把手机弄","さっきステージでスマホを落としました。","2771","4000","-812","-1653","386","2088","true","true","0.9","0.308","3","5","hallucination","「月台」（鐵路月台，日文應為「ホーム」）被誤譯為「ステージ」（舞台/表演台），導致地點語意出現偏差。「弄丟」譯為「落としました」（掉落/弄丟）尚可接受。日文句型本身非常流暢自然。","true"
"T014","en","1","dining","negation","這個不要辣,我不太能吃辣。","这个不要啦，我不太能吃","Forget this. I can't really handle spicy food.","3251","6400","-1247","-1666","766","2154","true","true","0.735","0.182","3","5","omission","The machine translation incorrectly translates '這個不要辣' (no spicy for this one) as 'Forget this' (which means rejecting the item entirely). This is a significant omission/distortion of the user's request, although the second part of the sentence is translated perfectly.","true"
"T014","ja","1","dining","negation","這個不要辣,我不太能吃辣。","这个不要啦,我不太能","これはいらないな、私はあまり辛いものは食べられない。","3251","5600","-1139","-2028","752","2261","true","true","0.8","0.273","3","5","omission","「這個不要辣」被誤譯為「これはいらないな」（我不要這個），漏譯了「辣」的要求，這會導致語意出現偏差（變成拒絕整個食物，而非要求不加辣）。後半句「我不太能吃辣」翻譯正確。日文語法流暢度良好。","true"
"T015","en","1","dining","number","我們總共五個人,有兩個小孩,需要兒童椅。","我们总共五个人,有两个小孩,需要儿童","There were five of us, with two kids, so we needed child seats.","4171","7200","-1685","-2563","729","2615","true","true","0.787","0.059","5","5","","The translation is highly accurate and fluent. Although it uses the past tense ('there were', 'needed') instead of the present/future tense, the core meaning is perfectly preserved and the phrasing is natural.","true"
"T015","ja","1","dining","number","我們總共五個人,有兩個小孩,需要兒童椅。","我们总共五个人，有两个小孩，需要儿童","私たちは全部で五人いて、子どもが二人いるので、チャイルドシートが必要です。","4171","7200","-2066","-2482","1014","2234","true","true","1.097","0.059","4","5","hallucination","譯文將「兒童椅」（通常指餐廳的兒童椅，日語為子ども用の椅子或ベビーチェア）誤譯為「チャイルドシート」（汽車安全座椅），語意有些微偏差，但整體文法流暢且意思大致通順。","true"
"T016","en","1","dining","negation","我對蝦子過敏,餐點裡請不要放任何海鮮。","我对虾子过敏，餐点里请不要放任何海","I'm allergic to shrimp, so please don't put any seafood in the meal.","4491","7200","-2119","-2593","855","2482","true","true","1.061","0.059","5","5","","The translation is highly accurate and natural, perfectly conveying the meaning of the source text with no errors.","true"
"T016","ja","1","dining","negation","我對蝦子過敏,餐點裡請不要放任何海鮮。","我对虾子过敏，餐点里请不要放任何","エビアレルギーがあるので、料理には魚介類を一切入れないでください。","4491","8000","-404","-1061","946","4196","true","true","1.033","0.118","5","5","","譯文非常準確且自然。將「海鮮」翻譯為「魚介類」在日文中極為道地且符合語境，整句話語氣適當，完全符合原文意思。","true"
"T017","en","1","dining","negation|number","這杯不要加冰,然後大杯的改成中杯,總共三杯。","这杯不要加冰。 然后大杯的改成中杯。 总共三","Don’t add ice to this cup, and change the large one to a medium, three cups in all.","6491","7600","-4470","-5147","385","2129","true","false","1.069","0.053","5","5","","The machine translation is exceptionally accurate and natural. It perfectly conveys all the instructions from the source text: no ice for this cup, changing large to medium, and the total count of three cups.","true"
"T017","ja","1","dining","negation|number","這杯不要加冰,然後大杯的改成中杯,總共三杯。","这杯不要加冰。 然后大杯的改成中杯，总共三","このコップには氷を入れないで、それから大杯を中杯に、全部三杯です。","6491","8400","-3961","-4622","745","2638","true","true","0.732","0.053","4","3","","譯文意思表達尚算完整，但用詞較為生硬。將「這杯」直譯為「このコップ」（杯子本身而非飲料），以及將「大杯/中杯」直譯為「大杯/中杯」（日語通常用「大サイズ/中サイズ」或「Lサイズ/Mサイズ」），顯得不夠自然。","true"
"T018","en","1","dining","code-switch","我要一份 tonkotsu 拉麵,麵要硬一點。","我要一份臀骨兹拉面，面要硬一点。","I want a pork-bone ramen. Make the noodles a bit firmer.","3971","6400","-1137","-1705","678","2962","true","true","0.878","0.421","5","5","","The translation is highly accurate and natural. 'tonkotsu' is correctly translated as 'pork-bone', and 'Make the noodles a bit firmer' perfectly conveys the request for firmer noodles.","true"
"T018","ja","1","dining","code-switch","我要一份 tonkotsu 拉麵,麵要硬一點。","我要一份豚骨滋拉面，面要硬一点","豚骨ラーメンを一杯、麺は少し固めでお願いします。","3971","6800","-605","-1264","1207","3495","true","true","0.917","0.421","5","5","","譯文非常準確且自然。「一份」翻譯成符合拉麵量詞的「一杯」，「麵要硬一點」翻譯成「麺は少し固めでお願いします」完全符合日文口語習慣，無任何錯誤。","true"
"T019","en","1","dining","sentence-final","這道菜看起來很好吃,可是我已經吃飽了。","这道菜看起来很好吃,可是我已经吃饱","This dish looks delicious, but I'm already full.","4051","5600","-1661","-2546","414","2538","true","true","1","0.059","5","5","","The machine translation is perfect and matches the reference translation exactly.","true"
"T019","ja","1","dining","sentence-final","這道菜看起來很好吃,可是我已經吃飽了。","这道菜看起来很好吃,可是我已经吃饱了。","この料理、美味しそうですね。でももうお腹いっぱいです","4051","6000","-1561","-2457","592","2640","true","true","0.828","0","5","5","","譯文完整且準確地傳達了原文的意思，日語表達非常自然流暢，無任何錯誤。","true"
"T020","en","1","dining","honorific","請問可以幫我們分開結帳嗎?","请问可以帮我们分开结账","May I ask if you could split the bill for us?","2731","4000","-1130","-1544","543","1769","true","true","1.063","0.167","5","5","","The machine translation is highly accurate and grammatically correct. It perfectly conveys the meaning of the source text, although it is slightly more formal than the reference translation.","true"
"T020","ja","1","dining","honorific","請問可以幫我們分開結帳嗎?","请问可以帮我们分开结账","すみません、会計を別々にしてもらえますか?","2731","6000","-670","-1333","1085","2231","true","true","0.905","0.167","5","5","","譯文非常準確且自然，完整傳達了原文「分開結帳」的意思，日語表達「会計を別々にしてもらえますか」也非常道地且禮貌度適當。","true"
"T021","en","1","shopping","negation|number","這個不要,我要旁邊那個藍色的,兩個多少錢?","这个不要,我要旁边那个蓝色的。两个多少钱?","I don't want this one, I want the blue one next to it. How much for the two?","3811","5600","-1525","-2150","513","2475","true","true","1.196","0","5","5","","The machine translation is highly accurate and natural. It perfectly conveys the meaning of the source text without any errors.","true"
"T021","ja","1","shopping","negation|number","這個不要,我要旁邊那個藍色的,兩個多少錢?","这个不要,我要旁边那个蓝色的。两个多少钱?","これはいらない、隣のあの青いやつを。その二つでおいくらですか?","3811","6400","-1453","-2341","668","2547","true","true","1","0","5","5","","譯文非常準確且自然。「隣のあの青いやつを」在口語中省略了後續動詞（如「ください」或「ほしい」），非常符合日語口語習慣。雖然前半句使用常體（いらない），後半句使用敬體（おいくらですか），但在口語口譯中仍屬自然且完全可接受。","true"
"T022","en","1","shopping","number","太貴了,算我三千塊可以嗎?","太贵了，算我三千块可以","Too expensive, make it 3,000 yuan for me.","2771","5600","-637","-1648","684","2262","true","true","0.816","0.091","5","5","","譯文準確傳達了原文的意思，語氣在討價還價的語境中也非常自然流暢。","true"
"T022","ja","1","shopping","number","太貴了,算我三千塊可以嗎?","太贵了,算我三千块可以","高すぎます。3000元でいいです。","2771","5200","420","-284","952","3320","true","true","0.75","0.091","4","4","","原文の「算我三千塊可以嗎？」（3000元にしてもらえますか？）という提案・交渉の疑問文に対し、訳文は「3000元でいいです」（3000元で良いです）という断定・承諾の表現になっており、ニュアンスが少し異なりますが、意味は大体伝わります。","true"
"T023","en","1","shopping","negation","請問這個價格是含稅還是不含稅?","请问这个价格是含税还是不含","May I ask, is this price tax included or excluding tax?","3891","5600","-1510","-1986","570","2490","true","false","1.433","0.071","5","4","","The translation is highly accurate and captures the full meaning of the source text. The phrasing 'tax included or excluding tax' is slightly asymmetrical but completely understandable and natural in a spoken context.","true"
"T023","ja","1","shopping","negation","請問這個價格是含稅還是不含稅?","请问这个价格是含税还是不含","この価格は税込みですか、税抜きですか。","3891","5200","-920","-1825","591","3080","true","true","0.81","0.071","5","5","","譯文非常準確且自然，完整傳達了原文「含稅還是不含稅」的意思，日文表達十分道地。","true"
"T024","en","1","shopping","number|sentence-final","這件如果打八折的話,我就買兩件。","这件如果打八折的话,我就买两","If this gets twenty percent off, I'll buy two pieces.","3491","6400","-1427","-1862","733","2173","true","true","1.242","0.071","5","5","","The translation is highly accurate and natural. '打八折' is correctly translated as 'twenty percent off', and the conditional structure is well-rendered. 'two pieces' is a slightly literal but completely acceptable translation of '兩件'.","true"
"T024","ja","1","shopping","number|sentence-final","這件如果打八折的話,我就買兩件。","这件如果打八折的话,我就买两","これを2割引にしてくれたら、私は二つ買います。","3491","6000","-563","-1472","744","3038","true","true","1.167","0.071","5","5","","譯文非常準確且自然。「打八折」正確翻譯為「2割引」（意即便宜二成，即八折），「這件...買兩件」翻譯為「これを...二つ買います」亦符合日文語境，無任何錯誤。","true"
"T025","en","1","shopping","code-switch","有沒有 limited edition 的款式?我在 Instagram 上看到的。","Your mail limited edition的款式。我在Instagram上看到","I saw on Instagram.","4531","5600","-614","-946","449","4086","true","true","0.3","0.257","2","3","omission","The machine translation completely omitted the first sentence ('有沒有 limited edition 的款式?') and the second sentence is grammatically incomplete because it lacks the object 'it' ('I saw on Instagram').","true"
"T025","ja","1","shopping","code-switch","有沒有 limited edition 的款式?我在 Instagram 上看到的。","Your mail limited edition的款式。我在Instagram上看到","限定版のデザインはありますか?インスタで見たんです。","4531","6000","-1796","-2452","456","2904","true","true","0.889","0.257","5","5","","譯文非常準確且自然。「款式」譯為「デザイン」（設計/款式）十分貼切，「Instagram」譯為日語口語常用的「インスタ」也非常道地，語意完整傳達，無任何錯誤。","true"
"T026","en","1","shopping","negation|sentence-final","我考慮了一下,這個還是先不買好了。","我考虑了一下,这个还是先不买好了。","I thought it over, and I’d better not buy it yet.","3291","5600","-38","-465","1034","3363","true","true","0.923","0","5","5","","The translation is highly accurate and natural. It correctly conveys the meaning of the source text, translating '我考慮了一下' as 'I thought it over' and '這個還是先不買好了' as 'I'd better not buy it yet'.","true"
"T026","ja","1","shopping","negation|sentence-final","我考慮了一下,這個還是先不買好了。","我考虑了一下,这个还是先不买","私は考えてみて、これはまだ買わないでおきます。","3291","5600","-1715","-2149","635","1684","true","true","0.75","0.133","4","4","","譯文語意表達完整且正確。文法上無大礙，但「考えてみて」與「まだ買わないでおきます」的搭配顯得較為生硬、不夠自然。參考譯文的「ちょっと考えたんですが」與「今回はやめておきます」更符合日語口語習慣。","true"
"T027","en","1","shopping","number","可以退稅嗎?我總共買了超過五千日圓。","可以退税吗？我总共买了超过五千","You can get a tax refund, if you buy more than 5,000 yen.","3771","6000","-2097","-2734","750","1802","true","true","0.778","0.125","2","5","omission","The machine translation incorrectly changes the speaker's question ('Can I get a tax refund?') and statement of fact ('I bought more than 5,000 yen in total') into a conditional statement ('You can get a tax refund, if you buy...'). It also omits the concept of 'in total' (總共).","true"
"T027","ja","1","shopping","number","可以退稅嗎?我總共買了超過五千日圓。","可以退税吗？我总共买了超过五千日元。","","3771","0","","","","","false","true","0","0.063","1","1","omission","譯文為空，完全遺漏。","true"
"T028","en","1","hotel","proper-noun|number","我有訂房,名字是陳大文,今天住兩個晚上。","我有订房，名字是陈大文。今天住两个","I have a plan, and my name is Chen Dawen. Today we'll stay for two nights.","5251","7200","-4060","-4450","809","1340","true","true","0.873","0.118","3","4","hallucination","The key phrase ""我有訂房"" (I have a reservation) was incorrectly translated as ""I have a plan"", which is a hallucination/mistranslation that affects the adequacy of the check-in context. The rest of the sentence is translated accurately and fluently.","true"
"T028","ja","1","hotel","proper-noun|number","我有訂房,名字是陳大文,今天住兩個晚上。","我有订房，名字是陈大文。，今天住两个","私はもう家を予約していて、名前は陳大文です。今日は二泊します。","5251","6800","-3264","-3944","512","2137","true","true","1.077","0.118","3","3","","「訂房」中的「房」被誤譯為「家」（房子），導致語意出現偏差（變成預約了房子而非飯店房間）。此外，「今日は二泊します」文法雖通，但日語習慣說「今日から二泊します」，略顯不自然。","true"
"T029","en","1","hotel","negation","我沒有訂房,請問今晚還有空房嗎?","我没有订房，请问今晚还有空房吗？","I didn't book a room; may I ask, do you have any vacancies tonight?","3411","6400","-1036","-1652","881","2563","true","true","0.926","0","5","5","","The machine translation is highly accurate and natural. It perfectly conveys the meaning of the source text with correct grammar and appropriate vocabulary ('vacancies' for '空房').","true"
"T029","ja","1","hotel","negation","我沒有訂房,請問今晚還有空房嗎?","我没有订房，请问今晚还有空房吗","予約していないのですが、今夜空き部屋はありますか?","3411","5600","-1096","-1607","671","2502","true","true","0.885","0","5","5","","The translation is highly accurate and natural, conveying the exact meaning of the source text with appropriate politeness.","true"
"T030","en","1","hotel","number","請問退房時間是早上十點還是十一點?","请问退房时间是早上十点还是十一","May I ask whether check-out time is at 10 a.m. or 11 a.m.?","4171","5600","-2121","-2763","510","2179","true","true","1.143","0.063","5","5","","The translation is highly accurate and natural, perfectly conveying the meaning of the source text with correct grammar and polite phrasing.","true"
"T030","ja","1","hotel","number","請問退房時間是早上十點還是十一點?","请问退房时间是早上十点还是十一","チェックアウトの時間は、午前10時ですか、それとも11時ですか","4171","6000","-2145","-2770","608","2155","true","true","1.16","0.063","5","5","","機器譯文非常準確且自然地翻譯了原文的意思，語法正確，無任何錯誤旗標。","true"
"T031","en","1","hotel","honorific","房間的冷氣好像壞了,可以請人來看一下嗎?","房间的冷气好像坏了,可以请人来看一下","It seems the AC in the room is broken, could you have someone come take a look?","3971","6000","-1171","-2051","564","2929","true","true","0.871","0.056","5","5","","The machine translation is exceptionally accurate and natural. It perfectly conveys the meaning of the source text with excellent fluency, matching the reference translation's intent and tone.","true"
"T031","ja","1","hotel","honorific","房間的冷氣好像壞了,可以請人來看一下嗎?","房间的冷气好像坏了,可以请人来看一下","部屋のエアコンが、どうやら壊れたみたい。見てもらえますか?","3971","5200","-2401","-3054","390","1699","true","true","0.722","0.056","5","5","","譯文準確傳達了原文的意思，語氣自然流暢。雖然相較於參考譯文稍微口語、簡略了一些（例如省略了「請人」的「どなたかに」），但在日語日常對話中完全合乎習慣且意思表達完整。","true"
"T032","en","1","hotel","negation","我明天不需要打掃房間,謝謝。","我明天不需要打扫房间","I don't need to clean my room tomorrow, thank you.","3451","5200","-1034","-1437","625","2566","true","true","1","0.167","5","5","","The machine translation is highly accurate and natural, perfectly conveying the meaning of the source text.","true"
"T032","ja","1","hotel","negation","我明天不需要打掃房間,謝謝。","我明天不需要打扫房间","明日は部屋を掃除しなくていい、ありがとう。","3451","5600","-622","-1045","654","2978","true","true","0.826","0.167","5","4","honorific_off","譯文完整且準確地傳達了原文的意思。語氣較為口語和非正式（使用了「しなくていい、ありがとう」而非敬語），在需要禮貌的口譯情境中可能顯得不夠得體，但文法完全正確且表達自然。","true"
"T033","en","1","hotel","number","可以幫我叫一台計程車嗎?明天早上六點半要到機場。","可以帮我叫一台计程车吗？明天早上六点半要到","Could you help me call a taxi? I need to be at the airport at 6:30 tomorrow morning.","4851","7600","-2782","-3415","1065","2218","true","true","0.928","0.091","5","5","","The translation is highly accurate and natural, capturing the exact meaning of the source text without any errors.","true"
"T033","ja","1","hotel","number","可以幫我叫一台計程車嗎?明天早上六點半要到機場。","可以帮我叫一台计程车吗？明天早上六点半要到","私のためにタクシーを一台、呼んでくれますか?明日の朝6時半に空港に着く必要があります。","4851","8400","-3271","-3933","859","1728","true","true","1.143","0.091","5","4","","譯文語意非常忠實，完整傳達了原文的意思。流暢度方面，「私のために」在日文情境中略顯多餘且不夠自然，但文法完全正確；「着く必要があります」稍微生硬，但符合原文「要到機場」的意思。","true"
"T034","en","1","emergency","","救命!請幫我叫救護車!","救命！请帮我叫","Saving a life—please help me call an ambulance.","2491","4400","-386","-1266","572","2213","true","true","1.52","0.333","3","4","","The urgent cry for help '救命' (Help!) was mistranslated as 'Saving a life', which sounds like a statement rather than an emergency plea. The second part of the sentence was translated correctly.","true"
"T034","ja","1","emergency","","救命!請幫我叫救護車!","救命！请帮我叫救","助けて!救急車を呼んでください","2491","4400","72","-616","710","2671","true","true","1","0.222","5","5","","機器譯文與參考譯文完全一致，語意完整且表達非常自然。","true"
"T035","en","1","emergency","sentence-final","我的護照不見了,請問警察局在哪裡?","我的护照不见了。请问警察局","My passport is missing. Could you tell me where the police station is?","3571","6400","-1621","-2246","805","2079","true","true","1.333","0.2","5","5","","The translation is highly accurate, natural, and polite, capturing the full meaning of the source text perfectly.","true"
"T035","ja","1","emergency","sentence-final","我的護照不見了,請問警察局在哪裡?","我的护照不见了。请问警察局","私のパスポートがなくなりました。すみません、警察署はどこですか?","3571","7600","-1117","-1763","1180","2583","true","true","1.16","0.2","5","5","","譯文非常準確且自然地翻譯了原文的意思。「私のパスポートがなくなりました」與「すみません、警察署はどこですか？」皆符合日語口語表達習慣，無任何語意遺漏或錯誤。","true"
"T036","en","1","emergency","negation","我頭很暈,但是我沒有心臟病的病史。","我头很晕,但是我没有心脏病的","Good grief, my head is spinning, but I don't have a history of heart disease.","3731","5600","-2468","-3101","714","1432","true","true","1.18","0.2","4","5","hallucination","The translation is fluent and conveys the original meaning accurately, but it includes an unnecessary addition ('Good grief') at the beginning which was not present in the source text.","true"
"T036","ja","1","emergency","negation","我頭很暈,但是我沒有心臟病的病史。","我头很晕,但是我没有心脏病的","私は頭がぼんやりしてる、でも心臓病の病歴はありません。","3731","7600","-122","-751","1088","3778","true","true","1.042","0.2","4","4","","「頭がぼんやりしてる」（頭腦發昏、發呆）與原文的「頭很暈」（めまい、頭がクラクラする）在語意上有些微偏差，但整體意思表達尚算清楚。後半句翻譯準確。語氣上前半句較口語（してる），後半句較客氣（ありません），稍微有些不統一，但仍屬自然。","true"
"T037","en","1","emergency","number","我的房間號碼是七〇二,我朋友昏倒了。","我的房间号码是七零二。我朋友昏倒了。","Hello friends, my room number is 702. My friend fainted.","5811","7600","-4713","-5329","482","1286","true","true","1","0.125","4","5","hallucination","The machine translation hallucinated the phrase 'Hello friends' at the beginning, which is not present in the source text. However, the rest of the translation is highly accurate and fluent.","true"
"T037","ja","1","emergency","number","我的房間號碼是七〇二,我朋友昏倒了。","我的房间号码是七零二。我朋友昏倒了。","部屋の番号は七〇二です友達が気を失いました","5811","8000","-3463","-4326","621","2537","true","true","1.167","0.125","5","4","","譯文完整且準確地傳達了原文的所有訊息，房號「七〇二」與朋友昏倒「気を失いました」皆翻譯正確。語意忠實度極高。流暢度方面，文法完全正確且自然，唯獨兩句之間缺乏標點符號（語音翻譯常見現象），稍微影響閱讀流暢感，故給予4分。","true"
"T038","en","1","emergency","negation","我不能打青黴素,我會過敏。","我不能打青霉素，我会过","I can't get finasteride, I'm allergic to it.","2611","4000","-910","-1829","586","1889","true","true","1","0.091","3","5","hallucination","The machine translation incorrectly translated '青黴素' (penicillin) as 'finasteride', which is a completely different medication. This is a critical medical translation error (hallucination). The rest of the sentence is translated accurately and fluently.","true"
"T038","ja","1","emergency","negation","我不能打青黴素,我會過敏。","我不能打青霉素,我会","私は低用量ピルは飲めません、副作用が出るので。","2611","6000","-1006","-1658","836","1794","true","true","0.955","0.182","1","5","hallucination","原文中的「青黴素」（盤尼西林）被嚴重誤譯為「低用量ピル」（低劑量避孕藥），且「過敏」被誤譯為「副作用が出る」（會出現副作用）。譯文與原文意思完全無關，屬於嚴重的幻覺錯誤。","true"
"T039","en","1","appointment","number","我想預約明天下午三點,兩個大人。","我想预约明天下午三点，两个大","I think, would it be possible to book for tomorrow at 3 p.m., for two adults?","3691","6800","-2505","-2889","818","1295","true","true","1.018","0.071","5","5","","The machine translation is highly accurate and natural. It successfully conveys all key information from the source text, including the date, time, and number of people. The phrasing 'would it be possible to book' is polite and appropriate for the context of making a reservation.","true"
"T039","ja","1","appointment","number","我想預約明天下午三點,兩個大人。","我想预约明天下午三点，两个","私は予約したいです。明日の午後3時、二人分です。","3691","5600","-2516","-2953","519","1284","true","true","1.05","0.143","4","4","","譯文完整傳達了原文的意思。將「兩個大人」譯為「二人分」（兩位/兩人份）在預約情境中十分自然合理，雖未特意譯出「大人」但無傷大雅。句式拆成兩句稍微不夠連貫，但整體流暢易懂。","true"
"T040","en","1","appointment","negation","不好意思,我想把預約從星期五改到星期六,不是取消。","不好意思，我想把预约从星期五改到星期六，不是","Sorry, I'd like to change my appointment from Friday to Saturday, not cancel it.","6491","8400","-4890","-5546","561","1709","true","true","0.955","0.091","5","5","","The translation is highly accurate and natural. It perfectly conveys the meaning of the source text without any errors.","true"
"T040","ja","1","appointment","negation","不好意思,我想把預約從星期五改到星期六,不是取消。","不好意思，我想把预约从星期五改到星期六，不是","すみません、予約を月曜から木曜に変更したいです。キャンセルではなくて、","6491","8400","-3587","-4469","582","3012","true","true","0.865","0.091","2","4","number_wrong","The machine translation incorrectly translates the days of the week: 'Friday' (星期五) is translated as 'Monday' (月曜), and 'Saturday' (星期六) is translated as 'Thursday' (木曜). This is a critical error for a reservation change, although the rest of the sentence is grammatically fluent.","true"
"T041","en","1","appointment","number|sentence-final","如果三點沒有位子的話,四點也可以。","如果三點沒有位子的話，四點也","If it's after three and there are no seats, four o'clock works too.","3291","5200","-1319","-1938","499","2081","true","true","1.041","0.133","4","5","hallucination","機器譯文將「三點」誤譯為「after three」（三點之後），與原文「三點（沒有位子）」的意思有所偏差。其餘部分翻譯流暢且語意表達大致完整。","true"
"T041","ja","1","appointment","number|sentence-final","如果三點沒有位子的話,四點也可以。","如果三點沒有位子的話，四點也可以。","もし3時に席がなければ、4時でも大丈夫。","3291","5200","-1235","-1643","596","2164","true","true","1","0","5","5","","機器譯文非常準確且自然地翻譯了原文的意思，與參考譯文幾乎一致，僅在結尾使用了較口語/非正式的「大丈夫」而非「大丈夫です」，但這完全符合口語對話的語境，因此給予滿分。","true"
"T042","en","1","appointment","code-switch|number|proper-noun","我可以用 email 確認預約嗎?我的班機是 BR198。","我可以用 email 确认预约吗？。我的班机是ＢＲ","I can use email to confirm the appointment? My flight is BR198.","6171","8400","-2939","-3561","749","3361","true","true","1.064","0.25","5","4","","譯文完整且準確地傳達了原文的意思。唯一的缺點是第一句使用了陳述句語序配上問號（I can use...?）來表達疑問，雖然在口語中常見，但文法上不如「Can I...」來得自然，稍微影響了流暢度。","true"
"T042","ja","1","appointment","code-switch|number|proper-noun","我可以用 email 確認預約嗎?我的班機是 BR198。","我可以用 email 确认预约吗？ 我的班机是 BR 一","メールで予約を確認できますか私の便はBR198です","6171","8800","-2886","-3770","785","3414","true","true","0.781","0.167","5","4","","譯文完整且準確地傳達了原文的意思。流暢度方面，由於是語音翻譯逐字稿，兩句話之間缺少標點符號或停頓（「できますか私の」），稍微影響了閱讀流暢性，但文法與用詞皆十分自然。","true"
"T043","en","1","appointment","negation|honorific","請問最晚可以幾點取消,而不用付取消費?","请问最晚可以幾點取消而不用付取消","Thursday, no later than whencan I cancel without paying a cancellation fee?","4411","6000","-3203","-3624","637","1397","true","true","1.17","0.059","4","3","hallucination","The translation contains a hallucinated word 'Thursday' at the beginning, which does not exist in the source text. Additionally, there is a spacing typo ('whencan' instead of 'when can') and the phrasing is slightly awkward, though the core meaning is still understandable.","true"
"T043","ja","1","appointment","negation|honorific","請問最晚可以幾點取消,而不用付取消費?","请问最晚可以幾點取消而不用付取消費？","この件で最短でいつまでにキャンセルすればキャンセル料がかからないですか","4411","6400","-2500","-3143","524","2100","true","true","1.296","0","3","4","","原文中的「最晚」（最遅・何時まで）被誤譯為「最短で」（最短、最早），這導致語意與原意相反。其餘部分如「不用付取消費」翻譯正確，句子文法也算通順。","true"
"T044","en","1","appointment","number","我們會晚三十分鐘到,位子可以保留嗎?","我们会晚三十分钟到。位子可以保留","We'll be thirty minutes late, can you hold our seats?","4211","5600","-1433","-2066","477","2967","true","true","0.891","0.063","5","5","","The machine translation is highly accurate and natural. It perfectly conveys the meaning of the source text without any errors. 'Seats' is a perfectly acceptable translation for '位子' in this context.","true"
"T044","ja","1","appointment","number","我們會晚三十分鐘到,位子可以保留嗎?","我们会晚三十分钟到。位子可以保留吗","私たちは三十分遅れて着くので席は確保できますか","4211","6000","-3009","-3652","827","1390","true","true","0.958","0","5","4","","譯文完整且準確地傳達了原文的意思。語氣稍微直接，但文法正確且語意清晰。","true"
"T045","en","1","smalltalk","honorific","謝謝你的幫忙,今天真的麻煩你了。","谢谢你的帮忙，今天真的麻烦","Thank you for your help. You've really gone out of your way for me today.","3091","5600","-1432","-2065","732","1768","true","true","1.098","0.143","5","5","","The translation is highly accurate and natural. 'You've really gone out of your way for me today' is an excellent idiomatic translation for '今天真的麻煩你了'.","true"
"T045","ja","1","smalltalk","honorific","謝謝你的幫忙,今天真的麻煩你了。","谢谢你的帮忙。今天真的麻","助けてくれてありがとう。今日は本当に迷惑をかけたね。","3091","5200","-1519","-1936","620","1681","true","true","0.706","0.214","4","4","honorific_off","譯文將「麻煩你了」（表達感謝、客套）直譯為「迷惑をかけた」（給人添麻煩、添亂），語意上稍微偏向負面，且使用了非常口語、非敬語的表達方式（ありがとう、かけたね），與原句較為客氣的語境不符（敬語缺失），但整體語意仍可溝通。","true"
"T046","en","1","smalltalk","","你的中文說得真好,是在哪裡學的?","你的中文说得真好。，是在哪里学的？","Your Chinese is excellent, where did you learn it?","3411","4800","-717","-1746","378","2882","true","true","0.976","0","5","5","","The translation is highly accurate and natural, capturing the exact meaning of the source text with excellent fluency.","true"
"T046","ja","1","smalltalk","","你的中文說得真好,是在哪裡學的?","你的中文说得真好。,是在哪里学","中国語が本当に上手ですね。どこで学んだんですか?","3411","5600","-1431","-2059","652","2169","true","true","0.957","0.071","5","5","","譯文非常準確且自然，完整傳達了原文的意思，語氣也十分得體。","true"
"T047","en","1","smalltalk","sentence-final|proper-noun","日本的夏天很熱,不過我覺得台北更熱。","日本的夏天很热,不过我觉得台北","In Japan, summers are very hot, but I think Taipei is even hotter.","4011","6800","-2103","-2741","732","2097","true","true","1.133","0.125","5","5","","The machine translation is highly accurate and natural. It perfectly conveys the meaning of the source text with excellent fluency, matching the reference translation closely in meaning and tone.","true"
"T047","ja","1","smalltalk","sentence-final|proper-noun","日本的夏天很熱,不過我覺得台北更熱。","日本的夏天很热,不过我觉得台北更","「リュックの夏は、すごく暑い。でも台北のほうがもっと暑いと思う。」","4011","6800","-2318","-3234","872","1881","true","true","1","0.063","3","4","name_mangled","「日本」被錯誤翻譯為「リュック」（背包），屬於專有名詞翻譯錯誤（name_mangled）。其餘部分翻譯正確且通順。","true"
"T048","en","1","smalltalk","negation","不用了,謝謝,我只是看看而已。","不用了，谢谢。我只是看看","No, thanks, I'm just looking around,","2811","4400","-898","-1345","461","2101","true","true","1.286","0.167","5","5","","The translation is highly accurate and natural. 'looking around' is a perfect equivalent for '看看而已' in a shopping context.","true"
"T048","ja","1","smalltalk","negation","不用了,謝謝,我只是看看而已。","不用了,谢谢,我只是看看而已。","","2811","0","","","","","true","false","0","0","1","1","omission","譯文為空，完全沒有翻譯。","true"
"T049","en","1","smalltalk","proper-noun","我是從台灣來的,第一次來大阪玩。","我是从台湾来的,第一次来大阪","Hi, I'm Chen, from Taiwan. It's my first time visiting Osaka.","3811","6000","-2558","-3192","904","1442","true","true","1.154","0.071","4","5","hallucination","The translation is fluent and captures the main meaning, but it hallucinates the greeting 'Hi' and the name 'Chen', which are not present in the source text.","true"
"T049","ja","1","smalltalk","proper-noun","我是從台灣來的,第一次來大阪玩。","我是从台湾来的,第一次来大阪","私は台湾出身で、大阪に来るのは初めてです。","3811","6800","-657","-1345","851","3344","true","true","0.826","0.071","5","5","","譯文非常流暢且語意完整。雖然相較於參考譯文微幅省略了「玩」（遊びに）的細節，但「大阪に来るのは初めてです」已完全表達出主要語意，且極為自然符合日語表達習慣。","true"
"T050","en","1","smalltalk","honorific","那就麻煩你了,之後再聯絡。","那就麻烦你了。之后再联络","Then I'll need your help, we'll be in touch later.","2811","4800","-330","-1228","708","2671","true","true","1.156","0","5","5","","The machine translation is highly accurate and natural. 'Then I'll need your help' is a very appropriate rendering of '那就麻煩你了' in this context, and 'we'll be in touch later' perfectly translates '之後再聯絡'.","true"
"T050","ja","1","smalltalk","honorific","那就麻煩你了,之後再聯絡。","那就麻烦你了。之后再联","それでは、お願いします。あとはまた連絡します。","2811","4800","-805","-1648","577","2194","true","true","0.952","0.091","5","5","","譯文非常準確且自然，完整傳達了原文的意思，語氣也十分恰當。","true"